Time,HR,rr,HRV
17.410850048065186,69,[1108],0
18.893861532211304,70,[1333],0
44.0857207775116,65,0
56.9147093296051,70,0
58.27102708816528,69,0
59.26837730407715,68,0
59.27552604675293,68,0
60.264530658721924,68,0
61.26417875289917,68,0
62.25939106941223,69,[919],0
62.26529598236084,69,[911],919
63.256744384765625,69,[958],-8
64.25400996208191,69,[911],47
76.66873478889465,65,[685],-47
78.02435064315796,65,[826],-226
79.0228157043457,65,"[882, 891]",141
79.0321192741394,65,"[882, 891]",56
80.02122592926025,66,[882],0
81.01988291740417,66,[911],0
82.01604509353638,66,[939],29
83.01483416557312,66,[873],28
83.02249431610107,66,[891],-66
84.00845742225647,66,[891],18
85.00812911987305,65,[911],0
86.00749778747559,65,[835],20
87.00200581550598,65,"[516, 553]",-76
87.01136493682861,66,[732],-319
88.99595665931702,66,0
89.00141882896423,66,0
89.99386811256409,66,0
102.22703099250793,68,0
107.09889245033264,68,0
107.10462069511414,69,0
107.11120009422302,69,0
107.11822867393494,68,0
107.12583518028259,68,0
110.07495331764221,68,0
110.08062314987183,68,0
110.08638167381287,68,0
110.09304761886597,68,0
110.84140658378601,68,0
111.83501625061035,68,0
111.84383916854858,67,0
