time,y
1605173509.6477985,0
1605173510.2740576,57
1605173510.32617,0
1605173510.3777483,57
1605173510.9001925,0
1605173510.9522471,57
1605173512.1528058,0
1605173512.20469,56
1605173512.7792697,0
1605173512.831288,56
1605173513.405416,0
1605173513.4573984,56
1605173514.0316148,0
1605173514.6577685,56
1605173515.2841957,0
1605173515.3361762,56
1605173515.9099934,0
1605173515.9615278,56
1605173516.5368192,0
1605173516.5890672,56
1605173517.163069,0
1605173517.7892454,57
