time,y
8.043597936630249,0
8.178736925125122,68
9.400778770446777,0
