Time,HR,rr
<<<<<<< HEAD
=======
18.969106674194336,77,[722]
1606809440.5289376,77
19.977470636367798,78,"[732, 704]"
1606809441.5372999,78
20.97500967979431,79,[789]
1606809442.5346892,79
21.971636533737183,79,[628]
1606809443.5312264,79
22.969066858291626,79,[628]
1606809444.5287495,79
22.97029209136963,80,"[779, 713]"
1606809444.5299385,80
23.966721296310425,80,[573]
1606809445.5264196,80
24.964301586151123,80,[1013]
1606809446.5239356,80
25.962567806243896,80,-1
1606809447.5224152,80
26.96009397506714,80,-1
1606809448.5197556,80
26.960964918136597,80,-1
1606809448.520579,80
27.956910133361816,80,-1
1606809449.5165944,80
28.954026699066162,80,-1
1606809450.5136838,80
29.951592206954956,80,-1
1606809451.5112815,80
30.950157165527344,79,-1
1606809452.5098202,79
30.950819492340088,79,-1
1606809452.5104425,79
31.94660472869873,79,-1
1606809453.5062659,79
32.945091247558594,79,-1
1606809454.5048835,79
33.941675901412964,79,-1
1606809455.501456,79
34.939250469207764,79,-1
1606809456.4990966,79
34.941136598587036,79,-1
1606809456.5009298,79
35.93681883811951,80,-1
1606809457.4966757,80
36.93409538269043,80,-1
1606809458.493861,80
37.93175554275513,80,-1
1606809459.4915676,80
>>>>>>> c74ece44420f524453f38ef85821da63ed5c1c01
