time,y
3.3265366554260254,60
3.7440433502197266,60
4.161518096923828,60
4.787815809249878,60
5.20517897605896,59
5.831463575363159,59
6.248908042907715,59
6.6664719581604,59
7.2928502559661865,59
7.7101662158966064,59
8.12783670425415,59
8.754047870635986,59
9.171576261520386,60
9.797757387161255,60
10.215256214141846,60
10.632700681686401,60
