Time,HR,RR,HRV
13.123207569122314,69,0
14.525808095932007,69,0
