Time,HR,RR
15.83793568611145,68,0
17.19299578666687,68,0
