Time,HR,RR
142.28360319137573,84,0
143.4156994819641,84,0
