Time,HR,RR
1006.194149017334,89,0
1008.8173060417175,91,0
1008.8221247196198,92,0
1008.8253719806671,94,0
