Time,HR,RR
127.65979957580566,72,0
127.83881568908691,72,0
128.88250994682312,72,0
