Time,HR,RR,HRV
34.40150761604309,67,0
35.48714351654053,67,0
36.48469829559326,67,0
38.48040461540222,68,0
39.47788071632385,68,0
39.48229146003723,68,0
39.484381675720215,68,0
