Time,HR,RR
17.0967538356781,101,0
18.451882362365723,101,0
