Time,HR,RR
1059.9262347221375,100,0
1061.2362489700317,102,0
1063.2318325042725,104,0
1063.236995458603,104,0
1063.2398619651794,104,0
