Time,HR,RR,HRV
105.0091404914856,61,0
106.3206217288971,61,0
