Time,HR,RR,HRV
12.342087268829346,67,0
13.65444564819336,67,0
