Time,HR
26.823289394378662,75
28.04527735710144,74
