Time,HR,RR
22.45922017097473,69,0
23.8118896484375,70,0
