Time,HR
19.716415882110596,76
20.758759260177612,75
